{
  "metric_domain": "model_supervision",
  "data_range": 1.0,
  "model_reflectance_stretch": [
    0.0,
    0.35
  ],
  "optical_scale_before_model_stretch": 10000.0,
  "filter": "one-level undecimated Haar SWT",
  "boundary": "one-pixel right/bottom reflect padding; no decimation",
  "metrics": {
    "cloud_branch_composite": {
      "cloud": {
        "ll_mae": 0.12965068013048078,
        "lh_mae": 0.010220406437500653,
        "hl_mae": 0.009819509039447913,
        "hh_mae": 0.005451478586723352,
        "hf_energy_ratio_pred": 0.0004343248379979131,
        "hf_energy_ratio_target": 0.0017498601180570806,
        "hf_energy_ratio_abs_delta": 0.0014787935508985756,
        "valid_samples": 312
      },
      "full": {
        "ll_mae": 0.13127254677473466,
        "lh_mae": 0.0093563014290588,
        "hl_mae": 0.009012295570231706,
        "hh_mae": 0.005198064405087075,
        "hf_energy_ratio_pred": 0.0009228087591355809,
        "hf_energy_ratio_target": 0.0018639940429722999,
        "hf_energy_ratio_abs_delta": 0.001149233848649817,
        "valid_samples": 346
      }
    },
    "cloud_branch_raw": {
      "cloud": {
        "ll_mae": 0.12951944587249192,
        "lh_mae": 0.009786883695285548,
        "hl_mae": 0.00934523607131826,
        "hh_mae": 0.005156860417802619,
        "hf_energy_ratio_pred": 0.0001479037806239902,
        "hf_energy_ratio_target": 0.0017498601180570806,
        "hf_energy_ratio_abs_delta": 0.0016331089176641704,
        "valid_samples": 312
      },
      "full": {
        "ll_mae": 0.1306822390613184,
        "lh_mae": 0.01059194188744461,
        "hl_mae": 0.010094099934257729,
        "hh_mae": 0.005616857253485185,
        "hf_energy_ratio_pred": 0.00017526541292566948,
        "hf_energy_ratio_target": 0.0018639940429722999,
        "hf_energy_ratio_abs_delta": 0.0017241592109227555,
        "valid_samples": 346
      }
    },
    "cloudy": {
      "cloud": {
        "ll_mae": 0.7510914357476346,
        "lh_mae": 0.017770995597309547,
        "hl_mae": 0.01752209201915584,
        "hh_mae": 0.006437456191787378,
        "hf_energy_ratio_pred": 0.0010144105914475367,
        "hf_energy_ratio_target": 0.0017498601180570806,
        "hf_energy_ratio_abs_delta": 0.0016273661466489075,
        "valid_samples": 312
      },
      "full": {
        "ll_mae": 0.5377360490762659,
        "lh_mae": 0.011728484286506776,
        "hl_mae": 0.01148001426518653,
        "hh_mae": 0.005275257769344026,
        "hf_energy_ratio_pred": 0.0010720173532681964,
        "hf_energy_ratio_target": 0.0018639940429722999,
        "hf_energy_ratio_abs_delta": 0.0013292582649461842,
        "valid_samples": 346
      }
    },
    "final": {
      "cloud": {
        "ll_mae": 0.12965068013048078,
        "lh_mae": 0.010220406437500653,
        "hl_mae": 0.009819509039447913,
        "hh_mae": 0.005451478586723352,
        "hf_energy_ratio_pred": 0.0004343248379979131,
        "hf_energy_ratio_target": 0.0017498601180570806,
        "hf_energy_ratio_abs_delta": 0.0014787935508985756,
        "valid_samples": 312
      },
      "full": {
        "ll_mae": 0.13127254677473466,
        "lh_mae": 0.0093563014290588,
        "hl_mae": 0.009012295570231706,
        "hh_mae": 0.005198064405087075,
        "hf_energy_ratio_pred": 0.0009228087591355809,
        "hf_energy_ratio_target": 0.0018639940429722999,
        "hf_energy_ratio_abs_delta": 0.001149233848649817,
        "valid_samples": 346
      }
    }
  },
  "bucket_metrics": {
    "heavy": {
      "cloud_branch_composite": {
        "cloud": {
          "ll_mae": 0.15182055942122155,
          "lh_mae": 0.008815100633483968,
          "hl_mae": 0.008362745719700908,
          "hh_mae": 0.0045978105057811166,
          "hf_energy_ratio_pred": 0.00011876594844465146,
          "hf_energy_ratio_target": 0.0016193211956667458,
          "hf_energy_ratio_abs_delta": 0.001532099830388333,
          "valid_samples": 97
        },
        "full": {
          "ll_mae": 0.1517253045210314,
          "lh_mae": 0.008847574226532606,
          "hl_mae": 0.00840144287442782,
          "hh_mae": 0.004616671870702627,
          "hf_energy_ratio_pred": 0.00012698752782431072,
          "hf_energy_ratio_target": 0.001628016079797475,
          "hf_energy_ratio_abs_delta": 0.001538250237716319,
          "valid_samples": 97
        }
      },
      "cloud_branch_raw": {
        "cloud": {
          "ll_mae": 0.15181481244064457,
          "lh_mae": 0.008808963789454264,
          "hl_mae": 0.008358013427638296,
          "hh_mae": 0.004594296626084919,
          "hf_energy_ratio_pred": 0.00011387004108988043,
          "hf_energy_ratio_target": 0.0016193211956667458,
          "hf_energy_ratio_abs_delta": 0.001536586569302909,
          "valid_samples": 97
        },
        "full": {
          "ll_mae": 0.15140444585650237,
          "lh_mae": 0.008842129951592574,
          "hl_mae": 0.008395243725736218,
          "hh_mae": 0.004614887824698106,
          "hf_energy_ratio_pred": 0.0001155132393694101,
          "hf_energy_ratio_target": 0.001628016079797475,
          "hf_energy_ratio_abs_delta": 0.0015441687718105626,
          "valid_samples": 97
        }
      },
      "cloudy": {
        "cloud": {
          "ll_mae": 1.1580231268522723,
          "lh_mae": 0.009747960041843601,
          "hl_mae": 0.009357226355921032,
          "hh_mae": 0.004432580533027489,
          "hf_energy_ratio_pred": 9.36482369131797e-05,
          "hf_energy_ratio_target": 0.0016193211956667458,
          "hf_energy_ratio_abs_delta": 0.0015963171261199748,
          "valid_samples": 97
        },
        "full": {
          "ll_mae": 1.1498373972693667,
          "lh_mae": 0.009757239375538691,
          "hl_mae": 0.009370384070561413,
          "hh_mae": 0.004445595146697717,
          "hf_energy_ratio_pred": 9.583395465533791e-05,
          "hf_energy_ratio_target": 0.001628016079797475,
          "hf_energy_ratio_abs_delta": 0.0016027364637046758,
          "valid_samples": 97
        }
      },
      "final": {
        "cloud": {
          "ll_mae": 0.15182055942122155,
          "lh_mae": 0.008815100633483968,
          "hl_mae": 0.008362745719700908,
          "hh_mae": 0.0045978105057811166,
          "hf_energy_ratio_pred": 0.00011876594844465146,
          "hf_energy_ratio_target": 0.0016193211956667458,
          "hf_energy_ratio_abs_delta": 0.001532099830388333,
          "valid_samples": 97
        },
        "full": {
          "ll_mae": 0.1517253045210314,
          "lh_mae": 0.008847574226532606,
          "hl_mae": 0.00840144287442782,
          "hh_mae": 0.004616671870702627,
          "hf_energy_ratio_pred": 0.00012698752782431072,
          "hf_energy_ratio_target": 0.001628016079797475,
          "hf_energy_ratio_abs_delta": 0.001538250237716319,
          "valid_samples": 97
        }
      }
    },
    "high": {
      "cloud_branch_composite": {
        "cloud": {
          "ll_mae": 0.13274637278398527,
          "lh_mae": 0.010101286970889457,
          "hl_mae": 0.009786109614577935,
          "hh_mae": 0.005414162942142234,
          "hf_energy_ratio_pred": 0.0004014662618556104,
          "hf_energy_ratio_target": 0.0016724682397250762,
          "hf_energy_ratio_abs_delta": 0.001375908450621481,
          "valid_samples": 114
        },
        "full": {
          "ll_mae": 0.13967408895579697,
          "lh_mae": 0.009816741426502577,
          "hl_mae": 0.009558130385168985,
          "hh_mae": 0.005414554330503992,
          "hf_energy_ratio_pred": 0.0007658977783575745,
          "hf_energy_ratio_target": 0.001717203299623659,
          "hf_energy_ratio_abs_delta": 0.0011448932386805958,
          "valid_samples": 114
        }
      },
      "cloud_branch_raw": {
        "cloud": {
          "ll_mae": 0.13260598854476285,
          "lh_mae": 0.009749725961390317,
          "hl_mae": 0.009402431634781567,
          "hh_mae": 0.005184201305268175,