transition_epoch,metric,pre_epoch_min,pre_epoch_max,early_epoch_min,early_epoch_max,pre_mean,early_mean,delta,delta_pct
8,total,1,7,8,10,3.132416889527158,4.959648815985242,1.8272319264580839,58.33297389524377
8,recon_total,1,7,8,10,3.132416889527158,4.347070620542394,1.214653731015236,38.776886150635896
8,gan_total,1,7,8,10,0.0,0.6125781999162335,0.6125781999162335,
8,pixel_total,1,7,8,10,2.4312184164589437,2.2475467833190033,-0.1836716331399404,-7.5547154421221085
8,perceptual_total,1,7,8,10,0.7011984727866606,2.099523838651229,1.3983253658645682,199.41933990635036
8,cloud_l1,1,7,8,10,0.0,0.0,0.0,
8,cloud_adv,1,7,8,10,0.0,0.4322847756466977,0.4322847756466977,
8,feature_matching,1,7,8,10,0.0,0.20000925346227336,0.20000925346227336,
8,perceptual,1,7,8,10,0.16140692173912244,0.2002323376993619,0.03882541596023947,24.054368636675893
