{
  "epoch": 200,
  "best_metric": 4.451389935883609,
  "best_metric_name": "recon_total",
  "last_train": {
    "disc_total": 1.0748290207681306,
    "disc_real_loss": 0.3829570811822874,
    "disc_fake_loss": 0.6787048950107819,
    "disc_real_gp": 0.013167044305917593,
    "disc_real_logit": 1.0584958184749709,
    "disc_fake_logit": 1.056023380215015,
    "shadow_valid_frac": 0.0,
    "shadow_no_shadow_frac": 0.0,
    "shadow_ambiguous_frac": 0.0,
    "final_l1": 0.0,
    "grad": 0.0,
    "shadow_removal": 0.0,
    "shadow_mask": 0.0,
    "shadow_penumbra": 0.0,
    "cloud_l1": 0.020708757638504063,
    "cloud_kl": 0.37387647664328233,
    "cloud_adv": 0.4632504457317361,
    "feature_matching": 0.05393799474685017,
    "perceptual": 0.10655026139537675,
    "recon_total": 3.566381664997941,
    "gan_total": 3.873204687319764,
    "total": 7.4395863577860215
  },
  "loss_weights": {
    "w_final_l1": 0.0,
    "w_grad": 0.0,
    "w_shadow_removal": 0.0,
    "w_shadow_mask": 0.0,
    "w_shadow_penumbra": 0.0,
    "w_cloud_l1": 100.0,
    "w_cloud_l1_missing": 0.0,
    "w_cloud_l1_known": 0.0,
    "w_cloud_kl": 4.0,
    "w_cloud_adv": 2.0,
    "w_feature_matching": 25.0,
    "w_perceptual": 15.0
  },
  "lr": 4e-05
}