{
  "samples": 1951,
  "metrics": {
    "has_offline_division_mask": {
      "mean": 1.0,
      "min": 1.0,
      "max": 1.0
    },
    "has_offline_bbox": {
      "mean": 1.0,
      "min": 1.0,
      "max": 1.0
    },
    "cloud_frac": {
      "mean": 0.4740602423874676,
      "min": 0.0,
      "max": 1.0
    },
    "shadow_frac": {
      "mean": 0.06703437285078666,
      "min": 0.0,
      "max": 0.78607177734375
    },
    "clear_frac": {
      "mean": 0.4589053847617458,
      "min": 0.0,
      "max": 0.9899520874023438
    },
    "division_min": {
      "mean": 0.00039798596244723536,
      "min": 0.0,
      "max": 0.27450981736183167
    },
    "division_max": {
      "mean": 0.4097053332092944,
      "min": 0.0,
      "max": 1.0
    },
    "division_mean": {
      "mean": 0.0344292876659214,
      "min": 0.0,
      "max": 0.8051696419715881
    },
    "division_pos_frac": {
      "mean": 0.1272278770552361,
      "min": 0.0,
      "max": 1.0
    },
    "division_hard_frac": {
      "mean": 0.012757168862222097,
      "min": 0.0,
      "max": 0.987030029296875
    },
    "division_soft_frac": {
      "mean": 0.127210811613035,
      "min": 0.0,
      "max": 1.0
    },
    "division_shadow_precision_dilated": {
      "mean": 0.43472314680727725,
      "min": 0.0,
      "max": 1.0
    },
    "division_shadow_recall": {
      "mean": 0.5122406646914031,
      "min": 0.0,
      "max": 1.0
    },
    "division_shadow_iou": {
      "mean": 0.21629494286975107,
      "min": 0.0,
      "max": 0.9189949748743719
    },
    "division_cloud_leakage": {
      "mean": 0.06628163013443591,
      "min": 0.0,
      "max": 1.0
    },
    "division_clear_leakage": {
      "mean": 0.13302254001739353,
      "min": 0.0,
      "max": 1.0
    },
    "division_outside_bbox_frac": {
      "mean": 0.0,
      "min": 0.0,
      "max": 0.0
    },
    "bbox_valid": {
      "mean": 1.0,
      "min": 1.0,
      "max": 1.0
    },
    "bbox_x1": {
      "mean": 18.14966683751922,
      "min": 0.0,
      "max": 248.0
    },
    "bbox_y1": {
      "mean": 18.42696053305997,
      "min": 0.0,
      "max": 249.0
    },
    "bbox_x2": {
      "mean": 236.23833931317273,
      "min": 6.0,
      "max": 255.0
    },
    "bbox_y2": {
      "mean": 237.5463864684777,
      "min": 7.0,
      "max": 255.0
    },
    "bbox_area_frac": {
      "mean": 0.7965284745428026,
      "min": 0.0009613037109375,
      "max": 1.0
    },
    "bbox_shadow_recall": {
      "mean": 0.8877656418885749,
      "min": 0.0,
      "max": 1.0
    },
    "bbox_division_recall": {
      "mean": 1.0,
      "min": 1.0,
      "max": 1.0
    },
    "bbox_cloud_frac_inside": {
      "mean": 0.4563774915261784,
      "min": 0.0,
      "max": 1.0
    },
    "bbox_clear_frac_inside": {
      "mean": 0.4613173583956071,
      "min": 0.0,
      "max": 1.0
    },
    "boundary_iou": {
      "mean": 0.025646269882903316,
      "min": 0.0,
      "max": 0.6221198156682027
    },
    "reference_target_mae_full": {
      "mean": 0.010602422882795039,
      "min": 0.0,
      "max": 0.41433054208755493
    },
    "reference_target_mae_shadow": {
      "mean": 0.05377197402848702,
      "min": 0.0,
      "max": 0.48507219223634357
    },
    "reference_target_mae_bbox": {
      "mean": 0.013996743368448016,
      "min": 0.0,
      "max": 0.41433054208755493
    },
    "reference_target_corr_shadow": {
      "mean": 0.7980138236096765,
      "min": 0.0,
      "max": 1.000000238418579
    },
    "online_target_mae_full": {
      "mean": 0.010602422882795039,
      "min": 0.0,
      "max": 0.41433054208755493
    },
    "online_target_mae_shadow": {
      "mean": 0.05377197402848702,
      "min": 0.0,
      "max": 0.48507219223634357
    },
    "online_target_mae_bbox": {
      "mean": 0.013996743368448016,
      "min": 0.0,
      "max": 0.41433054208755493
    },
    "online_target_corr_shadow": {
      "mean": 0.7980138236096765,
      "min": 0.0,
      "max": 1.000000238418579
    }
  },
  "by_cloud_bucket": {
    "low": {
      "samples": 372,
      "metrics": {
        "has_offline_division_mask": {
          "mean": 1.0,
          "min": 1.0,
          "max": 1.0
        },
        "has_offline_bbox": {
          "mean": 1.0,
          "min": 1.0,
          "max": 1.0
        },
        "cloud_frac": {
          "mean": 0.039354980632823,
          "min": 0.0,
          "max": 0.09918975830078125
        },
        "shadow_frac": {
          "mean": 0.05961925752701298,
          "min": 0.0,
          "max": 0.78607177734375
        },
        "clear_frac": {
          "mean": 0.901025761840164,
          "min": 0.1532745361328125,
          "max": 0.9899520874023438
        },
        "division_min": {
          "mean": 0.0009276829459654388,
          "min": 0.0,
          "max": 0.27450981736183167
        },
        "division_max": {
          "mean": 0.4921568670981033,
          "min": 0.0,
          "max": 0.9900000095367432
        },
        "division_mean": {
          "mean": 0.047230033086302144,
          "min": 0.0,
          "max": 0.8051696419715881
        },
        "division_pos_frac": {
          "mean": 0.1936187744140625,
          "min": 0.0,
          "max": 1.0
        },
        "division_hard_frac": {
          "mean": 0.015552274642452117,
          "min": 0.0,
          "max": 0.987030029296875
        },
        "division_soft_frac": {
          "mean": 0.19361409833354334,
          "min": 0.0,
          "max": 1.0
        },
        "division_shadow_precision_dilated": {
          "mean": 0.31665744201994894,
          "min": 0.0,
          "max": 1.0
        },
        "division_shadow_recall": {
          "mean": 0.5045827292090495,
          "min": 0.0,
          "max": 1.0
        },
        "division_shadow_iou": {
          "mean": 0.16363445245496588,
          "min": 0.0,
          "max": 0.9148106904231625
        },
        "division_cloud_leakage": {
          "mean": 0.09392107266819125,
          "min": 0.0,
          "max": 1.0
        },
        "division_clear_leakage": {
          "mean": 0.18104740615057102,
          "min": 0.0,
          "max": 1.0
        },
        "division_outside_bbox_frac": {
          "mean": 0.0,
          "min": 0.0,
          "max": 0.0
        },
        "bbox_valid": {
          "mean": 1.0,
          "min": 1.0,
          "max": 1.0
        },
        "bbox_x1": {
          "mean": 21.93010752688172,
          "min": 0.0,
          "max": 244.0
        },
        "bbox_y1": {
          "mean": 22.432795698924732,
          "min": 0.0,
          "max": 235.0
        },
        "bbox_x2": {
          "mean": 232.72043010752688,
          "min": 7.0,
          "max": 255.0
        },
        "bbox_y2": {
          "mean": 232.5483870967742,
          "min": 13.0,
          "max": 255.0
        },
        "bbox_area_frac": {
          "mean": 0.7471113717684181,
          "min": 0.001220703125,
          "max": 1.0
        },
        "bbox_shadow_recall": {
          "mean": 0.8669472480240872,
          "min": 0.0,
          "max": 1.0
        },
        "bbox_division_recall": {
          "mean": 1.0,
          "min": 1.0,
          "max": 1.0
        },
        "bbox_cloud_frac_inside": {
          "mean": 0.045336131262697345,
          "min": 0.0,
          "max": 0.9875
        },
        "bbox_clear_frac_inside": {
          "mean": 0.8768314352199833,
          "min": 0.0125,
          "max": 1.0
        },
        "boundary_iou": {
          "mean": 0.02186365544233589,
          "min": 0.0,
          "max": 0.4357476635514019
        },
        "reference_target_mae_full": {
          "mean": 0.015533187442548951,
          "min": 0.0,
          "max": 0.41433054208755493
        },
        "reference_target_mae_shadow": {
          "mean": 0.04553637986450657,
          "min": 0.0,
          "max": 0.422685753215443
        },
        "reference_target_mae_bbox": {
          "mean": 0.01972694333559484,
          "min": 0.0,