{
  "epoch": 5,
  "best_metric": 2.005396142088134,
  "best_metric_name": "pixel_total",
  "last_train": {
    "cloud_l1": 0.0,
    "cloud_l1_missing": 0.07513521555298512,
    "cloud_l1_known": 0.0,
    "cloud_kl": 0.0,
    "cloud_adv": 0.0,
    "feature_matching": 0.0,
    "perceptual": 0.27133354713246,
    "pixel_total": 2.254056463365526,
    "perceptual_total": 0.2170668415303715,
    "recon_total": 2.471123294272554,
    "gan_total": 0.0,
    "total": 2.471123294272554
  },
  "loss_weights": {
    "w_final_l1": 0.0,
    "w_grad": 0.0,
    "w_shadow_removal": 0.0,
    "w_shadow_mask": 0.0,
    "w_shadow_penumbra": 0.0,
    "w_cloud_l1": 0.0,
    "w_cloud_l1_missing": 30.0,
    "w_cloud_l1_known": 0.0,
    "w_cloud_kl": 0.0,
    "w_cloud_adv": 0.0,
    "w_feature_matching": 0.0,
    "w_perceptual": 0.8
  },
  "lr": 2.4059999999999993e-05
}