transition_epoch,metric,pre_epoch_min,pre_epoch_max,early_epoch_min,early_epoch_max,pre_mean,early_mean,delta,delta_pct
30,total,1,29,30,32,5.008641690452631,4.933980192370129,-0.07466149808250222,-1.4906536082391444
30,recon_total,1,29,30,32,5.008641690452631,4.933980192370129,-0.07466149808250222,-1.4906536082391444
30,gan_total,1,29,30,32,0.0,0.0,0.0,
30,pixel_total,1,29,30,32,4.818899554258709,4.441666545671061,-0.3772330085876483,-7.828198208743905
30,perceptual_total,1,29,30,32,0.18974213652842303,0.4923136477927306,0.3025715112643076,159.46458535791965
30,cloud_l1,1,29,30,32,0.04015749628010074,0.03701388786065556,-0.003143608419445179,-7.828198246021957
30,cloud_adv,1,29,30,32,0.0,0.0,0.0,
30,feature_matching,1,29,30,32,0.0,0.0,0.0,
30,perceptual,1,29,30,32,0.1138882958130357,0.13675757722357604,0.022869281410540343,20.080449222002247
