{
  "metric_domain": "model_supervision",
  "data_range": 1.0,
  "model_reflectance_stretch": [
    0.0,
    0.35
  ],
  "optical_scale_before_model_stretch": 10000.0,
  "filter": "one-level undecimated Haar SWT",
  "boundary": "one-pixel right/bottom reflect padding; no decimation",
  "metrics": {
    "cloud_branch_composite": {
      "cloud": {
        "ll_mae": 0.12939691947401635,
        "lh_mae": 0.01021254406340386,
        "hl_mae": 0.009783603775565962,
        "hh_mae": 0.005438295985174446,
        "hf_energy_ratio_pred": 0.00043703810808695193,
        "hf_energy_ratio_target": 0.0017498601180570806,
        "hf_energy_ratio_abs_delta": 0.0014738524557014862,
        "valid_samples": 312
      },
      "full": {
        "ll_mae": 0.1311388271780029,
        "lh_mae": 0.009340008197671704,
        "hl_mae": 0.008993486863487395,
        "hh_mae": 0.005188029595006523,
        "hf_energy_ratio_pred": 0.000923621269632996,
        "hf_energy_ratio_target": 0.0018639940429722999,
        "hf_energy_ratio_abs_delta": 0.0011480000772349623,
        "valid_samples": 346
      }
    },
    "cloud_branch_raw": {
      "cloud": {
        "ll_mae": 0.12927196489660714,
        "lh_mae": 0.009788878416796227,
        "hl_mae": 0.009337313932271314,
        "hh_mae": 0.005142749604761632,
        "hf_energy_ratio_pred": 0.00015335888145415197,
        "hf_energy_ratio_target": 0.0017498601180570806,
        "hf_energy_ratio_abs_delta": 0.0016319117740318135,
        "valid_samples": 312
      },
      "full": {
        "ll_mae": 0.13080837345019936,
        "lh_mae": 0.010669596506253985,
        "hl_mae": 0.010089380270038842,
        "hh_mae": 0.005634210569073439,
        "hf_energy_ratio_pred": 0.00018653922941882595,
        "hf_energy_ratio_target": 0.0018639940429722999,
        "hf_energy_ratio_abs_delta": 0.001715771458304823,
        "valid_samples": 346
      }
    },
    "cloudy": {
      "cloud": {
        "ll_mae": 0.7510914357476346,
        "lh_mae": 0.017770995597309547,
        "hl_mae": 0.01752209201915584,
        "hh_mae": 0.006437456191787378,
        "hf_energy_ratio_pred": 0.0010144105914475367,
        "hf_energy_ratio_target": 0.0017498601180570806,
        "hf_energy_ratio_abs_delta": 0.0016273661466489075,
        "valid_samples": 312
      },
      "full": {
        "ll_mae": 0.5377360490762659,
        "lh_mae": 0.011728484286506776,
        "hl_mae": 0.01148001426518653,
        "hh_mae": 0.005275257769344026,
        "hf_energy_ratio_pred": 0.0010720173532681964,
        "hf_energy_ratio_target": 0.0018639940429722999,
        "hf_energy_ratio_abs_delta": 0.0013292582649461842,
        "valid_samples": 346
      }
    },
    "final": {
      "cloud": {
        "ll_mae": 0.12939691947401635,
        "lh_mae": 0.01021254406340386,
        "hl_mae": 0.009783603775565962,
        "hh_mae": 0.005438295985174446,
        "hf_energy_ratio_pred": 0.00043703810808695193,
        "hf_energy_ratio_target": 0.0017498601180570806,
        "hf_energy_ratio_abs_delta": 0.0014738524557014862,
        "valid_samples": 312
      },
      "full": {
        "ll_mae": 0.1311388271780029,
        "lh_mae": 0.009340008197671704,
        "hl_mae": 0.008993486863487395,
        "hh_mae": 0.005188029595006523,
        "hf_energy_ratio_pred": 0.000923621269632996,
        "hf_energy_ratio_target": 0.0018639940429722999,
        "hf_energy_ratio_abs_delta": 0.0011480000772349623,
        "valid_samples": 346
      }
    }
  },
  "bucket_metrics": {
    "heavy": {
      "cloud_branch_composite": {
        "cloud": {
          "ll_mae": 0.15211098656994246,
          "lh_mae": 0.008865951933762968,
          "hl_mae": 0.008356504988069594,
          "hh_mae": 0.0046005922529127816,
          "hf_energy_ratio_pred": 0.00012351945367437183,
          "hf_energy_ratio_target": 0.0016193211956667458,
          "hf_energy_ratio_abs_delta": 0.0015318390538047824,
          "valid_samples": 97
        },
        "full": {
          "ll_mae": 0.1520416586567036,
          "lh_mae": 0.008898935090315198,
          "hl_mae": 0.008398040122579772,
          "hh_mae": 0.004619884824770729,
          "hf_energy_ratio_pred": 0.00013193552323720518,
          "hf_energy_ratio_target": 0.001628016079797475,
          "hf_energy_ratio_abs_delta": 0.0015383685211940628,
          "valid_samples": 97
        }
      },
      "cloud_branch_raw": {
        "cloud": {
          "ll_mae": 0.1521049610949082,
          "lh_mae": 0.008859678093335158,
          "hl_mae": 0.00835164356060388,
          "hh_mae": 0.0045969942280032795,
          "hf_energy_ratio_pred": 0.00011863467585970955,
          "hf_energy_ratio_target": 0.0016193211956667458,
          "hf_energy_ratio_abs_delta": 0.0015363345501617624,
          "valid_samples": 97
        },
        "full": {
          "ll_mae": 0.1516974541483466,
          "lh_mae": 0.008892599606880104,
          "hl_mae": 0.00839060869330342,
          "hh_mae": 0.004617858743711128,
          "hf_energy_ratio_pred": 0.00012037858014956963,
          "hf_energy_ratio_target": 0.001628016079797475,
          "hf_energy_ratio_abs_delta": 0.0015443372966902832,
          "valid_samples": 97
        }
      },
      "cloudy": {
        "cloud": {
          "ll_mae": 1.1580231268522723,
          "lh_mae": 0.009747960041843601,
          "hl_mae": 0.009357226355921032,
          "hh_mae": 0.004432580533027489,
          "hf_energy_ratio_pred": 9.36482369131797e-05,
          "hf_energy_ratio_target": 0.0016193211956667458,
          "hf_energy_ratio_abs_delta": 0.0015963171261199748,
          "valid_samples": 97
        },
        "full": {
          "ll_mae": 1.1498373972693667,
          "lh_mae": 0.009757239375538691,
          "hl_mae": 0.009370384070561413,
          "hh_mae": 0.004445595146697717,
          "hf_energy_ratio_pred": 9.583395465533791e-05,
          "hf_energy_ratio_target": 0.001628016079797475,
          "hf_energy_ratio_abs_delta": 0.0016027364637046758,
          "valid_samples": 97
        }
      },
      "final": {
        "cloud": {
          "ll_mae": 0.15211098656994246,
          "lh_mae": 0.008865951933762968,
          "hl_mae": 0.008356504988069594,
          "hh_mae": 0.0046005922529127816,
          "hf_energy_ratio_pred": 0.00012351945367437183,
          "hf_energy_ratio_target": 0.0016193211956667458,
          "hf_energy_ratio_abs_delta": 0.0015318390538047824,
          "valid_samples": 97
        },
        "full": {
          "ll_mae": 0.1520416586567036,
          "lh_mae": 0.008898935090315198,
          "hl_mae": 0.008398040122579772,
          "hh_mae": 0.004619884824770729,
          "hf_energy_ratio_pred": 0.00013193552323720518,
          "hf_energy_ratio_target": 0.001628016079797475,
          "hf_energy_ratio_abs_delta": 0.0015383685211940628,
          "valid_samples": 97
        }
      }
    },
    "high": {
      "cloud_branch_composite": {
        "cloud": {
          "ll_mae": 0.13203093463881138,
          "lh_mae": 0.010000597943772836,
          "hl_mae": 0.009739151808025516,
          "hh_mae": 0.005384351611606771,
          "hf_energy_ratio_pred": 0.0004017143556671474,
          "hf_energy_ratio_target": 0.0016724682397250762,
          "hf_energy_ratio_abs_delta": 0.0013732756959102088,
          "valid_samples": 114
        },
        "full": {
          "ll_mae": 0.13907744384735654,
          "lh_mae": 0.009728577753191279,
          "hl_mae": 0.009507074877238505,
          "hh_mae": 0.005391612903579896,
          "hf_energy_ratio_pred": 0.0007633302016402203,
          "hf_energy_ratio_target": 0.001717203299623659,
          "hf_energy_ratio_abs_delta": 0.0011425520206261198,
          "valid_samples": 114
        }
      },
      "cloud_branch_raw": {
        "cloud": {
          "ll_mae": 0.13188608983728842,
          "lh_mae": 0.00964927508832245,
          "hl_mae": 0.009356457450982666,
          "hh_mae": 0.005153957704312154,